,id,first_name,last_name,email,gender,ip_address
0,1,Tobey,Dewhirst,tdewhirst0@wordpress.com,Female,6.178.24.6
1,2,Marge,Tryme,mtryme1@is.gd,Female,104.236.136.22
2,3,Sioux,Boorn,sboorn2@opensource.org,Female,195.14.138.200
6,7,Julie,Jarley,jjarley6@rambler.ru,Female,179.205.2.202
7,8,Nathalia,Cicchetto,ncicchetto7@addthis.com,Female,255.171.193.93
10,11,Lucina,Delamar,ldelamara@mtv.com,Female,234.8.37.158
11,12,Jobi,Casarini,jcasarinib@plala.or.jp,Female,192.47.70.213
12,13,Auroora,Lowdyane,alowdyanec@nsw.gov.au,Female,169.152.169.7
17,18,Antonie,Trillow,atrillowh@businesswire.com,Female,181.68.2.227
19,20,Tiphani,Sainz,tsainzj@deviantart.com,Female,190.81.239.153
20,21,Lynde,Sitwell,lsitwellk@apple.com,Female,119.52.175.154
22,23,Deeann,Canada,dcanadam@epa.gov,Female,66.20.30.76
25,26,Sydel,Harrinson,sharrinsonp@technorati.com,Female,40.254.185.90
26,27,Becka,Lunam,blunamq@techcrunch.com,Female,30.27.24.162
28,29,Stacia,Burel,sburels@imageshack.us,Female,136.199.171.62
29,30,Jacky,Bassilashvili,jbassilashvilit@europa.eu,Female,194.172.185.99
30,31,Ira,Franseco,ifransecou@csmonitor.com,Female,91.2.139.42
38,39,Amii,Garretson,agarretson12@plala.or.jp,Female,228.156.80.185
40,41,Rodi,Girardy,rgirardy14@timesonline.co.uk,Female,225.74.240.178
42,43,Gerry,Goozee,ggoozee16@cnet.com,Female,178.183.5.17
43,44,Atalanta,Costain,acostain17@cnbc.com,Female,79.88.109.163
44,45,Martynne,Creany,mcreany18@stanford.edu,Female,205.227.122.192
45,46,Sybila,Olley,solley19@clickbank.net,Female,228.65.78.50
46,47,Zoe,Ludovico,zludovico1a@latimes.com,Female,135.182.159.3
49,50,Zola,Sheaf,zsheaf1d@hostgator.com,Female,220.199.131.165
50,51,Emmalynne,Leverett,eleverett1e@howstuffworks.com,Female,202.97.235.245
51,52,Lea,Zeal,lzeal1f@marketwatch.com,Female,82.167.199.217
55,56,Berri,Sammon,bsammon1j@jugem.jp,Female,55.125.29.143
57,58,Lillian,Pilsbury,lpilsbury1l@redcross.org,Female,0.118.6.143
58,59,Pierette,Antonsen,pantonsen1m@blog.com,Female,201.114.116.141
59,60,Prue,Valentino,pvalentino1n@harvard.edu,Female,75.216.164.97
61,62,Melly,De La Hay,mdelahay1p@blog.com,Female,196.108.226.65
62,63,Rebekah,Bertolaccini,rbertolaccini1q@wired.com,Female,212.129.24.170
63,64,Anne-corinne,Flannigan,aflannigan1r@slate.com,Female,187.73.15.79
64,65,Ami,Fontelles,afontelles1s@icq.com,Female,105.238.162.2
66,67,Kali,Desborough,kdesborough1u@simplemachines.org,Female,238.27.58.135
67,68,Juliet,Dibbe,jdibbe1v@cbc.ca,Female,238.91.69.224
69,70,Ola,Verrillo,overrillo1x@prnewswire.com,Female,34.54.197.58
72,73,Marti,Vose,mvose20@storify.com,Female,120.163.245.187
75,76,Nikkie,Waterhouse,nwaterhouse23@cpanel.net,Female,94.51.193.0
76,77,Ingunna,Campaigne,icampaigne24@edublogs.org,Female,207.190.146.96
77,78,Alyse,Raubheim,araubheim25@harvard.edu,Female,25.20.222.134
79,80,Kacey,Heineken,kheineken27@intel.com,Female,35.178.234.116
82,83,Trenna,Banfield,tbanfield2a@wix.com,Female,185.59.120.187
86,87,Gipsy,Trubshaw,gtrubshaw2e@state.tx.us,Female,248.177.150.243
87,88,Garnette,Munroe,gmunroe2f@homestead.com,Female,129.211.252.111
92,93,Kaja,Basler,kbasler2k@bandcamp.com,Female,196.249.75.101
93,94,Tiena,Arnold,tarnold2l@usatoday.com,Female,63.215.206.2
94,95,Cory,Gerber,cgerber2m@posterous.com,Female,183.76.230.145
95,96,L;urette,Vennard,lvennard2n@wordpress.com,Female,196.94.10.163
98,99,Albina,Metherell,ametherell2q@sciencedirect.com,Female,158.193.68.232
99,100,Paulie,Tembridge,ptembridge2r@illinois.edu,Female,56.118.155.113
100,101,Fiann,Morfett,fmorfett2s@huffingtonpost.com,Female,165.127.59.101
101,102,Magdalene,Gammill,mgammill2t@fda.gov,Female,226.135.122.63
102,103,Bridget,Hrachovec,bhrachovec2u@oaic.gov.au,Female,80.177.235.180
103,104,Allis,Guyonnet,aguyonnet2v@drupal.org,Female,100.41.240.33
107,108,Stefa,Locke,slocke2z@addthis.com,Female,211.248.252.102
110,111,Lavinia,Gilyott,lgilyott32@jigsy.com,Female,76.143.9.100
112,113,Edith,Itzchaky,eitzchaky34@drupal.org,Female,159.211.222.71
114,115,Carolan,Carmo,ccarmo36@exblog.jp,Female,24.96.53.39
115,116,Brigid,McKibbin,bmckibbin37@dot.gov,Female,68.139.235.235
117,118,Laureen,Delacourt,ldelacourt39@japanpost.jp,Female,28.62.13.52
118,119,Patrizia,Usmar,pusmar3a@ow.ly,Female,40.160.38.106
119,120,Jazmin,Moppett,jmoppett3b@istockphoto.com,Female,159.164.210.33
124,125,Cristin,Looby,clooby3g@bbb.org,Female,57.225.221.232
125,126,Goldie,Baumaier,gbaumaier3h@statcounter.com,Female,103.54.33.5
126,127,Blancha,Klaff,bklaff3i@europa.eu,Female,32.2.140.41
127,128,Liza,Sleite,lsleite3j@rakuten.co.jp,Female,109.216.89.5
128,129,Anjela,Timmes,atimmes3k@webnode.com,Female,201.50.183.177
131,132,Flori,De Mattei,fdemattei3n@cnbc.com,Female,88.249.228.252
132,133,Yoko,Cammidge,ycammidge3o@sfgate.com,Female,88.179.48.179
133,134,Courtney,Kite,ckite3p@gravatar.com,Female,65.88.103.162
135,136,Alie,Hassur,ahassur3r@liveinternet.ru,Female,43.61.134.112
136,137,Aggy,McGillacoell,amcgillacoell3s@google.com,Female,187.80.50.243
138,139,Winona,Shatford,wshatford3u@wufoo.com,Female,157.249.101.67
140,141,Helyn,Margrie,hmargrie3w@photobucket.com,Female,231.144.121.166
142,143,Darbie,Giacopelo,dgiacopelo3y@ucla.edu,Female,101.210.91.194
143,144,Rickie,Cleaves,rcleaves3z@omniture.com,Female,210.70.119.196
144,145,Linda,Lindeman,llindeman40@mac.com,Female,124.66.116.68
145,146,Agneta,Luquet,aluquet41@qq.com,Female,42.106.111.89
152,153,Sib,Kuller,skuller48@jalbum.net,Female,99.117.81.104
153,154,Jelene,Pepon,jpepon49@slashdot.org,Female,142.84.91.245
154,155,Kristal,Reppaport,kreppaport4a@ucsd.edu,Female,45.50.212.250
156,157,Galina,Wanklin,gwanklin4c@elpais.com,Female,185.81.52.228
158,159,Camila,Billett,cbillett4e@bizjournals.com,Female,93.180.248.43
159,160,Betteann,Capenor,bcapenor4f@ebay.com,Female,165.169.22.155
160,161,Nadine,Scanes,nscanes4g@pcworld.com,Female,200.157.2.109
162,163,Alaine,Dobbinson,adobbinson4i@t.co,Female,9.145.119.166
168,169,Donielle,Zmitrovich,dzmitrovich4o@yale.edu,Female,106.189.36.2
169,170,Fredia,Malins,fmalins4p@youtu.be,Female,223.142.65.92
171,172,Marielle,Sibyllina,msibyllina4r@icio.us,Female,4.77.76.15
173,174,Rodina,Aldren,raldren4t@reference.com,Female,235.152.72.204
175,176,Delinda,O'Meara,domeara4v@sfgate.com,Female,157.78.9.0
177,178,Lisetta,Sarfass,lsarfass4x@livejournal.com,Female,177.199.4.70
178,179,Erica,Gwyn,egwyn4y@webeden.co.uk,Female,19.145.37.182
180,181,Loralee,Dartnall,ldartnall50@ycombinator.com,Female,138.56.161.101
182,183,Alexis,Cardew,acardew52@who.int,Female,95.21.42.178
187,188,Sydelle,Gogarty,sgogarty57@ovh.net,Female,108.78.118.125
188,189,Marlyn,Macy,mmacy58@bloglovin.com,Female,212.86.252.118
192,193,Lira,Ugo,lugo5c@usgs.gov,Female,214.5.40.116
193,194,Carolyne,McCahey,cmccahey5d@xrea.com,Female,160.7.106.186
195,196,Lorianne,Bonfield,lbonfield5f@ask.com,Female,87.208.38.73
196,197,Mickie,Da Costa,mdacosta5g@quantcast.com,Female,136.101.78.145
199,200,Fidela,Tribble,ftribble5j@tumblr.com,Female,215.118.224.171
202,203,Octavia,Fanti,ofanti5m@fc2.com,Female,179.209.207.214
203,204,Alessandra,Hakes,ahakes5n@bizjournals.com,Female,119.170.62.229
204,205,Kylynn,Streeter,kstreeter5o@wordpress.com,Female,30.2.190.252
210,211,Aloysia,Basill,abasill5u@smh.com.au,Female,20.22.198.208
212,213,Arlinda,Pessler,apessler5w@disqus.com,Female,192.145.44.72
213,214,Maggie,Orhrt,morhrt5x@eventbrite.com,Female,34.49.248.251
214,215,Rosabella,Camis,rcamis5y@cbsnews.com,Female,156.52.41.240
218,219,Imojean,Spittall,ispittall62@ibm.com,Female,7.73.131.208
223,224,Diane-marie,Ivashintsov,divashintsov67@geocities.jp,Female,176.47.248.220
226,227,Bethina,Bartolic,bbartolic6a@chron.com,Female,166.201.204.189
227,228,Lilly,Lympany,llympany6b@ocn.ne.jp,Female,181.11.115.62
228,229,Teresa,Jacquemet,tjacquemet6c@hc360.com,Female,142.60.102.62
230,231,Avrit,Apthorpe,aapthorpe6e@webeden.co.uk,Female,169.118.215.28
231,232,Dorothee,Geeson,dgeeson6f@godaddy.com,Female,8.219.145.146
233,234,Sheila-kathryn,Errowe,serrowe6h@livejournal.com,Female,154.14.161.189
236,237,Tess,Mathivon,tmathivon6k@indiegogo.com,Female,40.172.225.112
239,240,Leila,McCart,lmccart6n@java.com,Female,233.170.108.30
240,241,Inna,Gautrey,igautrey6o@cmu.edu,Female,227.166.83.156
242,243,Lonnie,Suthworth,lsuthworth6q@dagondesign.com,Female,183.39.241.196
243,244,Angelique,Cops,acops6r@nymag.com,Female,171.243.95.247
245,246,Chiarra,Iacopetti,ciacopetti6t@ocn.ne.jp,Female,143.80.149.103
248,249,Rena,Weld,rweld6w@tripod.com,Female,149.153.5.33
249,250,Cookie,Bysouth,cbysouth6x@taobao.com,Female,195.93.241.132
250,251,Shae,Folks,sfolks6y@nbcnews.com,Female,214.163.219.82
252,253,Helen-elizabeth,Breckenridge,hbreckenridge70@wikia.com,Female,129.235.50.161
253,254,Charmain,Kirsche,ckirsche71@goodreads.com,Female,189.86.225.42
254,255,Amalea,Nicklen,anicklen72@boston.com,Female,200.135.238.20
256,257,Pavia,Upson,pupson74@plala.or.jp,Female,225.60.84.131
259,260,Gerrilee,Gladeche,ggladeche77@jimdo.com,Female,218.136.230.119
260,261,Kerry,Deakes,kdeakes78@pbs.org,Female,134.143.171.242
261,262,Aloisia,Broggini,abroggini79@ucoz.ru,Female,75.29.134.237
262,263,June,Cowlas,jcowlas7a@sina.com.cn,Female,142.110.174.20
263,264,Amabelle,Fairbridge,afairbridge7b@forbes.com,Female,238.222.97.241
265,266,Nanny,Simunek,nsimunek7d@usnews.com,Female,166.225.119.231
269,270,Donny,Noke,dnoke7h@sakura.ne.jp,Female,156.47.41.113
271,272,Charisse,Bynert,cbynert7j@sohu.com,Female,186.208.198.104
272,273,Melicent,Stracey,mstracey7k@jugem.jp,Female,144.122.121.98
273,274,Elana,MacCrosson,emaccrosson7l@simplemachines.org,Female,58.33.112.145
275,276,Elsbeth,Bunson,ebunson7n@arstechnica.com,Female,52.250.25.194
276,277,Ruthe,Coathup,rcoathup7o@psu.edu,Female,14.32.38.113
278,279,Carrie,Bird,cbird7q@state.gov,Female,113.7.198.178
279,280,Ferne,Pinnere,fpinnere7r@walmart.com,Female,226.115.101.227
280,281,Brooks,Cast,bcast7s@walmart.com,Female,214.151.47.79
282,283,Rea,Schoular,rschoular7u@lulu.com,Female,207.202.88.110
283,284,Faina,Bonelle,fbonelle7v@netlog.com,Female,76.28.163.51
288,289,Shayla,Bruyett,sbruyett80@nytimes.com,Female,44.69.205.224
291,292,Dotti,Skydall,dskydall83@parallels.com,Female,245.231.220.33
292,293,Kiersten,Daggett,kdaggett84@state.gov,Female,109.168.111.226
294,295,Marcelle,Rzehorz,mrzehorz86@twitter.com,Female,196.34.138.110
297,298,Elysee,Smithers,esmithers89@jugem.jp,Female,159.245.150.122
